	over34	male	female	college_plus	democrat	independent	republican	poll1_indeed	poll2_very_extremely	poll3_natural	poll4_yes	poll5_very_extremely	poll6_weekly_plus	poll7_very_extremely	mturk_id	unique_id
0	0	1	0	1	1	0	0	1	1	0	1	1	1	0	A2RVDEU138ZF9P	round1_batch0_worker0
1	0	1	0	0	0	0	0	1	1	0	1	1	0	0	A2JDYN6QM8M5UN	round1_batch0_worker1
2	0	0	1	1	1	0	0	1	1	0	1	1	1	0	A375U716FNSE7K	round1_batch0_worker2
3	1	0	1	1	0	1	0	1	1	0	1	1	1	1	AVBRJBJONL47I	round1_batch0_worker3
4	1	0	1	0	0	0	1	1	1	1	0	0	0	0	AZBH4LJ5SL456	round1_batch0_worker4
5	1	1	0	1	1	0	0	1	1	0	1	1	1	1	A3BHRFFG75X3GO	round1_batch0_worker5
6	1	1	0	1	1	0	0	1	1	0	1	1	1	0	A1NR3COO33J99C	round1_batch0_worker6
7	1	0	1	1	1	0	0	1	1	0	1	1	1	1	AV22FQTJNBUZT	round1_batch0_worker7
8	1	0	1	0	0	0	1	1	0	0	1	0	1	0	A2IQ0QCTQ3KWLT	round1_batch1_worker0
9	1	1	0	1	0	1	0	1	1	1	1	0	0	0	ATYGSK8FR2JX8	round1_batch1_worker1
10	1	0	1	1	1	0	0	1	1	0	1	1	0	0	A3FOKP72T5I4FR	round1_batch1_worker2
11	1	0	1	0	1	0	0	1	1	0	1	1	1	0	A8028AFBBS29G	round1_batch1_worker3
12	0	1	0	1	1	0	0	1	1	0	1	0	1	0	AKZ8SFOAI4RZN	round1_batch1_worker4
13	1	0	1	1	0	0	1	0	0	0	0	0	0	0	A1P2RQ166VS5BT	round1_batch1_worker5
14	1	0	1	1	0	1	0	1	0	1	1	0	0	0	A37S96RT1P1IT2	round1_batch1_worker6
15	0	0	1	0	1	0	0	0	0	0	1	1	0	0	A2GG7HIO2OIXUR	round1_batch1_worker7
16	1	0	1	0	0	0	1	0	0	0	1	0	0	0	A377LTGWJKY2IW	round1_batch2_worker0
17	0	1	0	1	1	0	0	1	1	0	1	1	1	1	A30QJ6OLAICVI7	round1_batch2_worker1
18	0	1	0	1	1	0	0	1	0	0	1	0	1	0	A2RBVMD2HTBCZ9	round1_batch2_worker2
19	0	1	0	1	0	0	1	1	1	1	1	0	1	1	A2PU5BM2YXFQQS	round1_batch2_worker3
20	0	0	1	1	0	0	1	1	0	1	0	0	1	0	A2GOS6NF74E2ST	round1_batch2_worker4
21	0	0	1	0	0	1	0	1	1	0	1	1	0	0	A3FT3XPTOWHJMY	round1_batch2_worker5
22	1	1	0	1	0	0	1	1	1	0	1	1	1	0	A2PTTSUG7NF42Q	round1_batch2_worker6
23	1	1	0	1	0	1	0	1	1	0	1	1	1	0	AVPKE76DJLWK6	round1_batch2_worker7
24	0	1	0	0	0	0	0	1	1	0	1	1	1	1	AUCHGHY1IKZZK	round1_batch3_worker0
25	1	1	0	1	1	0	0	1	1	0	1	1	0	0	ANNVWKERLZG9A	round1_batch3_worker1
26	1	1	0	1	1	0	0	1	1	0	1	1	1	1	AMPMTF5IAAMK8	round1_batch3_worker2
27	0	1	0	0	1	0	0	1	1	0	1	1	0	0	A36DK84J5YJ942	round1_batch3_worker3
28	0	0	1	0	1	0	0	0	0	1	0	0	0	0	A1VR1XQEQQXYUE	round1_batch3_worker4
29	0	1	0	0	1	0	0	1	0	0	1	1	1	0	A2OO4PG3LBLP5I	round1_batch3_worker5
30	1	0	1	1	1	0	0	1	0	0	1	1	0	0	A1ZT30BGR3266K	round1_batch3_worker6
31	0	0	1	0	0	1	0	1	0	1	1	0	1	0	A2UIGDOLX5RV95	round1_batch3_worker7
32	1	0	1	1	1	0	0	1	1	0	1	1	1	0	A3GZYWA9S6J0K9	round1_batch4_worker0
33	1	0	1	1	1	0	0	1	0	0	1	1	0	0	A2FTVGVF3Q3GHC	round1_batch4_worker1
34	0	0	1	1	0	0	0	0	0	1	1	0	1	0	A3C2X1L5PVNNLV	round1_batch4_worker2
35	0	1	0	1	0	0	1	1	0	1	1	1	0	0	A1K3SIFF770RB5	round1_batch4_worker3
36	0	1	0	1	1	0	0	1	0	0	1	0	0	0	A1PTH9KTRO06EG	round1_batch4_worker4
37	1	0	1	0	0	0	1	0	0	1	0	0	1	1	A2NZ7RMSBXESNI	round1_batch4_worker5
38	1	1	0	0	0	1	0	1	1	0	1	1	1	0	A256FHXGSY0E5D	round1_batch4_worker6
39	1	0	1	0	0	1	0	1	0	0	0	0	1	0	A6U2C66WQ7QQN	round1_batch4_worker7
40	0	1	0	0	0	0	1	1	1	0	1	1	0	0	A29AKJXQ248KNK	round1_batch5_worker0
41	0	0	1	1	1	0	0	1	1	0	1	1	0	0	A2IVGLOBFOT67M	round1_batch5_worker1
42	1	1	0	1	0	1	0	1	0	0	1	0	0	0	A15VCKELIEEPJN	round1_batch5_worker2
43	0	1	0	1	0	1	0	1	1	0	1	0	1	0	A30MP4LXV4MIFD	round1_batch5_worker3
44	1	0	1	1	1	0	0	1	1	0	1	1	1	0	A3BLJ6QSDTZC9U	round1_batch5_worker4
45	0	0	1	0	0	1	0	1	1	0	1	1	0	1	A2KOVSTZGWSVYC	round1_batch5_worker5
46	1	0	1	1	0	1	0	0	0	0	1	0	1	0	A3D2GO0IFRFN6R	round1_batch5_worker6
47	0	1	0	1	1	0	0	1	0	1	1	1	1	1	A1GZNVVE3PMM7Y	round1_batch5_worker7
48	1	0	1	1	0	0	1	0	0	1	1	0	0	0	AK1Y09TWU3IQ6	round1_batch6_worker0
49	0	1	0	1	0	0	0	1	1	0	1	1	1	0	A1CMWA0L8FTSXA	round1_batch6_worker1
50	0	1	0	0	1	0	0	1	1	0	1	1	0	0	A3KVYNEM12AD1C	round1_batch6_worker2
51	1	0	1	0	1	0	0	1	1	0	1	1	1	0	A1LRJ4U04532TM	round1_batch6_worker3
52	0	0	1	1	0	1	0	1	1	0	1	1	0	0	A1ZVTAK0GLO959	round1_batch6_worker4
53	1	1	0	1	1	0	0	1	1	0	1	1	1	0	ANFWGSQ8BQRZ	round1_batch6_worker5
54	0	1	0	0	1	0	0	1	1	0	1	1	1	0	A3CXK1KSRGU27V	round1_batch6_worker6
55	0	1	0	1	1	0	0	1	1	0	1	1	1	1	A272X64FOZFYLB	round1_batch6_worker7
56	0	1	0	0	0	1	0	1	1	0	1	0	0	0	A9O273N0X06JS	round1_batch7_worker0
57	1	0	1	1	1	0	0	1	0	0	1	0	0	0	A2OVX9UW5WANQE	round1_batch7_worker1
58	1	1	0	0	0	1	0	1	0	0	0	0	0	0	A2YHOJLEZR8663	round1_batch7_worker2
59	1	1	0	1	0	0	0	1	0	0	1	0	0	0	A2WWYVKGZZXBOB	round1_batch7_worker3
60	0	0	1	1	0	0	1	0	0	0	1	0	1	0	A5XB2OFILUVP9	round1_batch7_worker4
61	0	1	0	0	0	1	0	0	0	0	1	0	1	0	A1LE6AUI3CJNIT	round1_batch7_worker5
62	0	1	0	1	0	1	0	1	1	0	1	1	1	1	A1N7GHHBH8GMVZ	round1_batch7_worker6
63	1	0	1	0	0	1	0	1	1	0	1	1	1	0	A2TUUIV61CR0C7	round1_batch7_worker7
64	1	1	0	1	0	1	0	1	1	0	0	0	0	0	A2T3N9U2VPSFUM	round1_batch8_worker0
65	1	0	0	1	0	1	0	1	1	0	1	1	1	0	A1B4WL7N3ACF2T	round1_batch8_worker1
66	1	1	0	1	0	1	0	1	1	0	1	1	1	0	A2OC4PZXSR522W	round1_batch8_worker2
67	0	1	0	1	1	0	0	1	1	0	1	1	0	0	A3VHDQR8A9JJ4F	round1_batch8_worker3
68	0	1	0	1	0	1	0	1	0	0	1	1	1	0	A3NKZMF7M4X0ZP	round1_batch8_worker4
69	0	1	0	0	1	0	0	1	1	0	1	1	0	0	A28T38MOUG43YD	round1_batch8_worker5
70	1	1	0	1	1	0	0	1	0	0	1	0	1	1	A28ZPY6D5AS7GZ	round1_batch8_worker6
71	1	0	1	1	1	0	0	1	1	0	1	1	1	1	A28J7H4TH29DC3	round1_batch8_worker7
72	1	0	1	1	0	0	0	1	0	0	1	1	0	0	AWKUOA7M4P8YI	round1_batch9_worker0
73	1	1	0	1	1	0	0	1	1	0	1	1	1	1	A2XHD64QUKA5Z6	round1_batch9_worker1
74	1	1	0	1	0	1	0	1	1	0	1	1	1	1	A2OVWCQ4B9AHFY	round1_batch9_worker2
75	1	0	1	0	1	0	0	1	1	0	1	0	1	1	A1H72Y9Z5NJXDS	round1_batch9_worker3
76	0	1	0	0	1	0	0	1	1	0	1	0	0	0	A15SUPIZ05ZFCD	round1_batch9_worker4
77	0	1	0	1	0	1	0	1	1	0	1	1	1	0	A24LB89P1BPKKF	round1_batch9_worker5
78	1	0	1	0	1	0	0	1	0	0	0	0	0	0	A3N770LD28YDL1	round1_batch9_worker6
79	1	0	1	1	1	0	0	1	1	0	1	1	1	1	A2FL477TMKC91L	round1_batch9_worker7
80	1	0	1	1	0	0	1	1	1	0	1	0	1	1	AX4P2Y35UTMQA	round2_batch0_worker0
81	0	1	0	0	1	0	0	1	1	0	1	1	1	1	A2XUADP5L61HQ5	round2_batch0_worker1
82	0	0	1	0	0	1	0	1	0	0	1	0	1	0	A1SP4XA17LVUQI	round2_batch0_worker2
83	1	0	1	1	0	1	0	1	1	0	1	1	1	0	A230VUDYOCRZ4N	round2_batch0_worker3
84	0	1	0	1	1	0	0	1	1	0	1	0	0	0	A2TLN8489YGY81	round2_batch0_worker4
85	0	0	1	1	0	0	1	1	0	1	0	0	1	0	A3UPZ88FI1EJC	round2_batch0_worker5
86	1	1	0	1	1	0	0	1	0	0	1	0	1	0	A1LZWU72K42V92	round2_batch0_worker6
87	1	1	0	1	1	0	0	1	1	0	1	1	1	1	A3S5UROKNNCNSB	round2_batch0_worker7
88	1	1	0	1	0	1	0	1	1	0	1	1	1	1	A1YSYI926BBOHW	round2_batch1_worker0
89	0	1	0	1	0	1	0	1	1	0	1	1	0	0	AZ69TBTDH7AZS	round2_batch1_worker1
90	0	0	1	1	1	0	0	1	1	0	1	1	0	0	A1R8A8BK2VN7RH	round2_batch1_worker2
91	0	1	0	1	0	0	1	1	1	0	1	1	1	1	A3N0QZ9ZKUCTCQ	round2_batch1_worker3
92	0	1	0	1	0	0	1	1	1	0	0	0	1	0	A2R0YYUAWNT7UD	round2_batch1_worker4
93	1	1	0	1	0	0	1	0	0	0	0	0	1	0	A1T643M1P572AA	round2_batch1_worker5
94	1	0	1	1	0	1	0	1	0	0	0	0	1	0	A127F80LLYOQ22	round2_batch1_worker6
95	0	1	0	1	0	0	1	1	0	1	1	0	1	0	A37EV8RZ82WT8E	round2_batch1_worker7
96	0	0	1	1	1	0	0	1	1	0	1	1	1	1	A2YAYHZYI7M3HD	round2_batch2_worker0
97	0	1	0	0	1	0	0	1	1	0	1	1	1	1	A10O5YR01H865K	round2_batch2_worker1
98	0	0	1	1	1	0	0	1	1	0	1	1	0	0	A7OZPNXIVO1FX	round2_batch2_worker2
99	1	1	0	0	0	1	0	1	0	0	1	0	0	0	A1OZPLHNIU1519	round2_batch2_worker3
100	1	0	1	1	0	1	0	1	1	1	0	0	1	0	A1OUUZSD5DD4ZN	round2_batch2_worker4
101	0	1	0	0	1	0	0	1	1	0	1	1	1	1	A3INEKAD86IRQC	round2_batch2_worker5
102	1	0	1	1	0	1	0	1	1	0	1	1	1	0	A1A1A9UHNQCI9Y	round2_batch2_worker6
103	1	1	0	1	0	0	0	1	1	0	1	1	1	0	A2FV0CMG9S8CU0	round2_batch2_worker7
104	0	1	0	1	0	0	1	1	1	0	1	1	1	0	A1QEQOI98976S0	round2_batch3_worker0
105	0	1	0	1	0	1	0	1	1	0	0	1	0	0	A2O5OJXCUFQ3FV	round2_batch3_worker1
106	0	1	0	1	0	0	1	0	0	1	1	0	1	0	A367PWMGHU17W4	round2_batch3_worker2
107	1	1	0	1	0	1	0	1	0	1	1	0	0	0	A133QG754CGS3I	round2_batch3_worker3
108	0	0	1	0	1	0	0	1	1	0	1	1	1	1	A15XIKX3PI7SLK	round2_batch3_worker4
109	1	1	0	1	1	0	0	1	0	0	1	0	1	0	A3VPK66FDCY78Q	round2_batch3_worker5
110	0	0	1	1	1	0	0	1	0	0	1	1	0	0	A1RV2LERVS0A4H	round2_batch3_worker6
111	0	1	0	1	1	0	0	1	0	0	1	0	0	0	A9K0CV70JWG1W	round2_batch3_worker7
112	1	1	0	1	0	0	1	0	0	1	0	0	1	0	A3G8OON0TDPN1E	round2_batch4_worker0
113	0	1	0	1	1	0	0	1	1	0	1	1	1	1	A1M682B2WUSYJP	round2_batch4_worker1
114	0	1	0	0	0	0	0	1	0	0	1	1	0	0	AIVOFCFMU5LGM	round2_batch4_worker2
115	0	1	0	0	0	0	1	0	0	0	1	0	1	0	ANNEV2BKIR8GK	round2_batch4_worker3
116	1	1	0	0	0	1	0	1	0	0	1	0	1	0	A2615YW1YERQBO	round2_batch4_worker4
117	0	1	0	0	0	1	0	1	1	0	1	1	0	0	A297OTX4PW0XS3	round2_batch4_worker5
118	0	1	0	0	1	0	0	1	1	1	1	1	1	1	A3A82EHCZOQ2CV	round2_batch4_worker6
119	0	0	1	0	0	0	1	1	0	1	0	0	0	0	A2CJYS92WX7HN6	round2_batch4_worker7
120	0	1	0	1	0	1	0	1	1	0	1	1	1	1	A14EYTLSMJRPUK	round2_batch5_worker0
121	0	1	0	1	1	0	0	1	0	1	1	0	1	1	A22JV1E02E0VQO	round2_batch5_worker1
122	1	1	0	0	1	0	0	1	1	0	1	1	1	0	ADXHWQLUQBK77	round2_batch5_worker2
123	1	1	0	0	0	0	1	1	1	0	1	0	1	0	A24W1M0GILRCJ3	round2_batch5_worker3
124	1	0	1	1	0	0	1	1	1	0	1	1	1	1	A32E28U1ZP67NE	round2_batch5_worker4
125	0	1	0	1	0	0	1	1	1	0	0	1	0	1	A1Q0QFRU01HE2Q	round2_batch5_worker5
126	0	1	0	1	1	0	0	1	1	0	1	1	0	0	A3C8NUIBNZYMT2	round2_batch5_worker6
127	1	1	0	1	1	0	0	1	1	0	1	1	1	0	A6HDSE80LQPR8	round2_batch5_worker7
128	0	1	0	1	0	1	0	1	0	0	0	0	0	0	A2Q4Z6CADBW6WD	round2_batch6_worker0
129	1	0	1	1	1	0	0	1	1	0	1	1	1	0	AJRY9ALX8069Y	round2_batch6_worker1
130	1	1	0	0	1	0	0	1	1	0	1	1	0	1	A1V2H0UF94ATWY	round2_batch6_worker2
131	1	0	1	1	1	0	0	1	1	0	1	1	1	1	A1SHLWKA0UH1IS	round2_batch6_worker3
132	1	1	0	1	1	0	0	1	1	0	1	1	1	0	AC5UD8N187QD6	round2_batch6_worker4
133	0	1	0	0	0	0	1	1	1	0	1	1	0	0	A2UYZFH5VT5R3H	round2_batch6_worker5
134	1	0	1	1	1	0	0	1	1	0	1	1	1	1	A2LVCS009DMEAT	round2_batch6_worker6
135	0	1	0	0	0	0	0	1	1	0	1	1	1	0	A2I960JYUZ8KAV	round2_batch6_worker7
136	0	0	1	0	0	1	0	1	1	0	1	0	0	1	A2YO837C0O1E91	round2_batch7_worker0
137	1	1	0	1	0	1	0	0	1	1	0	0	1	0	A2XPWASDT8AYXH	round2_batch7_worker1
138	1	1	0	0	0	0	1	1	1	0	1	0	1	0	A30RAYNDOWQ61S	round2_batch7_worker2
139	1	1	0	1	0	1	0	1	0	0	1	0	1	0	A1L3937MY09J3I	round2_batch7_worker3
140	0	1	0	1	1	0	0	1	1	1	0	0	1	1	A1G187YBG0DVMQ	round2_batch7_worker4
141	0	1	0	1	1	0	0	1	1	0	1	0	0	1	AKNV05F5X5YAC	round2_batch7_worker5
142	1	0	1	1	0	1	0	1	0	0	1	1	1	0	A1BNYBF79IQ89T	round2_batch7_worker6
143	1	0	1	1	1	0	0	1	1	0	1	1	1	0	ASKAY33IJ3KAQ	round2_batch7_worker7
144	1	1	0	1	0	1	0	1	0	0	0	0	1	0	A1AKX1C8GCVCTP	round2_batch8_worker0
145	0	1	0	1	1	0	0	1	0	0	1	1	1	0	A9692Y27LBXT9	round2_batch8_worker1
146	0	1	0	0	0	1	0	1	0	0	1	0	0	0	A3388HIWAKD3DV	round2_batch8_worker2
147	1	0	1	1	0	0	1	1	0	1	0	0	1	0	A36470UBRH28GO	round2_batch8_worker3
148	0	1	0	1	0	0	1	1	1	1	1	1	1	1	A27DB05AO490YQ	round2_batch8_worker4
149	0	1	0	1	0	0	1	1	0	1	1	0	1	0	A3K2DJJV5DWBFD	round2_batch8_worker5
150	0	1	0	0	1	0	0	1	1	0	1	1	1	0	A1VAL7L9L79IN0	round2_batch8_worker6
151	0	1	0	0	0	0	0	1	1	0	1	1	1	0	A3TQUS51JKYUUE	round2_batch8_worker7
152	1	0	1	0	1	0	0	1	0	0	1	0	0	0	A1B4778ETVFAL8	round2_batch9_worker0
153	0	1	0	1	1	0	0	1	0	0	1	0	0	0	A1VR49TB3Q4BV8	round2_batch9_worker1
154	0	1	0	1	1	0	0	1	1	0	1	1	1	1	A25D8MUZP7CQEY	round2_batch9_worker2
155	1	0	1	0	0	1	0	1	0	1	0	0	1	0	A35TWG9VW1MB5S	round2_batch9_worker3
156	0	1	0	1	1	0	0	1	1	0	1	1	1	1	A3CH1Z6J9R38G9	round2_batch9_worker4
157	1	0	1	1	1	0	0	1	0	0	1	1	0	0	A1ROEDVMTO9Y3X	round2_batch9_worker5
158	0	0	1	1	1	0	0	1	1	0	1	0	1	0	AKSJ3C5O3V9RB	round2_batch9_worker6
159	0	1	0	1	0	1	0	1	0	0	1	1	1	0	AK4P9U9NS9DQF	round2_batch9_worker7
160	0	0	1	0	0	1	0	1	0	0	0	0	1	0	A187VXD4ETY6M2	round3_batch0_worker0
161	1	0	1	1	0	0	1	1	0	1	0	0	1	0	A3G5IPGLH1IIZN	round3_batch0_worker1
162	1	0	1	0	1	0	0	1	0	0	1	0	1	0	A3UDUHUVFKD833	round3_batch0_worker2
163	0	1	0	0	1	0	0	1	1	0	1	1	0	1	AFM65NU0UXIGP	round3_batch0_worker3
164	0	1	0	0	1	0	0	1	1	0	1	1	1	0	A3822BB341LIB2	round3_batch0_worker4
165	1	1	0	1	0	0	1	1	0	0	1	1	1	0	A2M45YGLOWMO4N	round3_batch0_worker5
166	1	1	0	1	1	0	0	1	1	0	1	1	1	1	A5NHP0N1XC09K	round3_batch0_worker6
167	1	1	0	1	1	0	0	1	1	0	1	1	1	0	A1KXYURHCYHKOL	round3_batch0_worker7
168	0	0	1	1	0	1	0	1	0	0	1	0	0	0	A2DWSKGD9RNKMJ	round3_batch1_worker0
169	1	1	0	0	0	1	0	1	1	0	1	1	1	0	AKHYHJIQNGWIL	round3_batch1_worker1
170	0	1	0	0	1	0	0	1	1	0	1	1	1	1	A3RR85PK3AV9TU	round3_batch1_worker2
171	1	1	0	1	0	1	0	1	1	0	1	0	1	0	A3L0DCUXI7X3A9	round3_batch1_worker3
172	0	0	1	1	1	0	0	0	1	0	0	1	1	1	A3SD02HCW68EUL	round3_batch1_worker4
173	0	1	0	1	1	0	0	0	1	0	0	1	1	1	ABL3H3O3BI8ZD	round3_batch1_worker5
174	1	0	1	1	0	0	1	1	0	1	1	0	1	0	A2W8ZODKKQ7RYP	round3_batch1_worker6
175	0	0	1	1	1	0	0	1	1	0	1	1	1	0	AN0JVAS4VR13F	round3_batch1_worker7
176	1	0	1	0	0	0	1	1	0	1	1	0	0	0	A55CXM7QR7R0N	round3_batch2_worker0
177	0	1	0	0	1	0	0	1	1	0	1	1	1	0	A2XFO0X6RCS98M	round3_batch2_worker1
178	0	1	0	1	0	1	0	1	1	0	1	1	0	1	A2JTSH1VPJQ8FR	round3_batch2_worker2
179	1	0	1	0	1	0	0	1	0	0	1	0	0	0	A2MX5YW3DSQ61W	round3_batch2_worker3
180	1	0	1	0	0	0	1	0	1	0	0	0	1	0	A36Z98LFRR041Q	round3_batch2_worker4
181	0	1	0	1	0	1	0	1	1	0	0	1	1	0	A17D6BK59S31BM	round3_batch2_worker5
182	1	1	0	0	1	0	0	1	1	0	1	1	0	0	A110KENBXU7SUJ	round3_batch2_worker6
183	1	1	0	1	0	1	0	1	0	0	1	0	1	0	AVX3SWFMBEPMZ	round3_batch2_worker7
184	0	0	1	1	1	0	0	1	1	0	1	1	1	1	A192MH226Q1NT4	round3_batch3_worker0
185	0	1	0	1	0	0	1	1	1	0	0	0	1	0	A154X03NKVZZL1	round3_batch3_worker1
186	0	1	0	1	1	0	0	1	0	0	1	0	1	0	AQORJW4W8U9YU	round3_batch3_worker2
187	1	0	1	1	0	1	0	1	0	0	1	0	0	0	ATTGD1M94GFR	round3_batch3_worker3
188	1	0	1	1	0	0	1	1	1	1	0	1	1	1	A2H6K1XIK4LY7O	round3_batch3_worker4
189	1	1	0	0	0	1	0	1	1	0	1	1	1	1	A2VRDE2FHCBMF8	round3_batch3_worker5
190	0	0	1	0	0	1	0	1	0	0	1	1	0	1	A3MIF7YOVHUQIC	round3_batch3_worker6
191	1	0	1	1	0	0	1	1	1	0	1	1	0	0	AYPOAY43REHC8	round3_batch3_worker7
192	0	1	0	1	0	1	0	1	1	0	1	1	0	0	A3KC26Z78FBOJT	round3_batch4_worker0
193	0	1	0	1	0	1	0	1	0	0	1	0	1	0	A3QCK28LCPAAVE	round3_batch4_worker1
194	0	1	0	0	0	1	0	1	0	0	1	0	0	0	A18G2CLYSTENK	round3_batch4_worker2
195	0	1	0	1	1	0	0	1	1	0	1	1	1	1	A30VAYXB85107X	round3_batch4_worker3
196	0	0	1	0	1	0	0	1	1	0	1	1	1	0	A100Y89FZO4J0B	round3_batch4_worker4
197	1	1	0	0	0	0	1	1	0	0	1	1	0	0	A2KPT0PEUEXCC4	round3_batch4_worker5
198	1	0	1	0	0	1	0	1	1	0	1	1	1	0	AU34T9OMHN4Z4	round3_batch4_worker6
199	0	1	0	0	0	0	0	1	1	0	1	1	1	0	A74PT3GRDMEZ	round3_batch4_worker7
200	0	1	0	0	0	0	1	1	1	1	1	0	1	0	A2DVJ6OMVVYTC7	round3_batch5_worker0
201	1	1	0	1	1	0	0	1	1	0	1	1	1	1	A1VVXZYA3TPHP0	round3_batch5_worker1
202	0	1	0	1	1	0	0	1	0	0	1	0	0	0	AUQ79MANVDU9B	round3_batch5_worker2
203	0	0	1	1	1	0	0	1	1	0	1	1	1	1	AMTTB8JUWRRM7	round3_batch5_worker3
204	0	1	0	1	0	1	0	1	1	0	1	1	0	0	A3GK90X2QOFR53	round3_batch5_worker4
205	1	1	0	0	0	1	0	0	0	1	0	0	1	0	A2Y0WNHMT4PZ4C	round3_batch5_worker5
206	1	0	1	1	0	0	1	1	0	1	1	0	0	0	A3KA08ZKNCAAXO	round3_batch5_worker6
207	1	1	0	0	1	0	0	1	1	0	1	1	1	1	AA9V4NE8SOA4I	round3_batch5_worker7
208	1	1	0	1	0	0	1	0	0	1	1	0	1	0	A2TDAI42SCGC8X	round3_batch6_worker0
209	0	1	0	1	0	1	0	1	1	0	1	1	0	0	A222XREQ12K58P	round3_batch6_worker1
210	0	1	0	1	1	0	0	1	1	0	1	1	1	1	A3I2SQVNFNOIVE	round3_batch6_worker2
211	1	1	0	0	1	0	0	1	1	0	1	1	1	1	A33Q9143TRWADD	round3_batch6_worker3
212	0	0	1	1	1	0	0	1	0	0	1	1	0	0	A32JEH06T23HDF	round3_batch6_worker4
213	1	1	0	0	1	0	0	1	1	0	1	0	1	0	A3RYI5HXC2MJLN	round3_batch6_worker5
214	0	0	1	1	1	0	0	1	1	0	1	0	1	1	AKSJ3C5O3V9RB	round3_batch6_worker6
215	0	1	0	1	1	0	0	1	0	0	1	1	1	0	A1GCTKOPKUTW3G	round3_batch6_worker7
216	0	1	0	1	1	0	0	1	1	0	1	0	0	0	AOWW3URQNRJ6U	round3_batch7_worker0
217	0	1	0	0	0	0	1	1	1	0	1	0	0	1	A2IGPW784OFV3D	round3_batch7_worker1
218	1	0	1	1	0	1	0	0	0	1	0	0	1	0	A2MSVKXC1F3WIU	round3_batch7_worker2
219	1	0	1	1	1	0	0	1	1	0	1	1	1	0	A2NT3OQZUUZPEO	round3_batch7_worker3
220	0	1	0	0	1	0	0	1	1	0	1	1	1	0	A2SB9HU5RD9QCP	round3_batch7_worker4
221	1	1	0	0	0	0	0	1	1	0	1	1	0	0	A258MR1IS96JEP	round3_batch7_worker5
222	1	1	0	0	0	1	0	1	0	0	1	0	0	0	A1DZMZTXWOM9MR	round3_batch7_worker6
223	0	1	0	0	1	0	0	1	1	0	1	1	1	0	A1FNNL4YJGBU8U	round3_batch7_worker7
224	0	1	0	1	0	1	0	1	1	0	1	1	1	0	A1SX8IVV82M0LW	round3_batch8_worker0
225	1	0	1	0	1	0	0	1	1	0	1	1	1	1	A12UOIO3KBRF7M	round3_batch8_worker1
226	0	1	0	0	0	1	0	1	1	0	1	1	0	0	A2QWTQ4I70BRWO	round3_batch8_worker2
227	0	0	1	1	0	1	0	1	1	0	1	1	1	0	A1MJHGH55K3O0	round3_batch8_worker3
228	0	0	1	0	1	0	0	1	1	0	1	1	0	0	AZ8JL3QNIPY4U	round3_batch8_worker4
229	0	1	0	1	1	0	0	1	1	0	1	1	1	0	A3IX3XVGPJH2I7	round3_batch8_worker5
230	1	1	0	1	1	0	0	1	0	0	1	1	0	0	A2JPOXYZM5AJZZ	round3_batch8_worker6
231	1	1	0	1	0	0	1	1	1	0	1	1	1	1	A13FUEPWBCLBUY	round3_batch8_worker7
232	0	1	0	0	0	1	0	1	1	0	1	0	1	0	A2SVNXNMD7E7EH	round3_batch9_worker0
233	0	1	0	0	1	0	0	1	1	0	1	1	1	0	A20188HWPLRTA4	round3_batch9_worker1
234	0	0	1	1	1	0	0	1	1	0	1	1	1	0	A2Z43TA0WZ0EG0	round3_batch9_worker2
235	0	1	0	1	0	1	0	1	1	0	0	0	1	0	AC6Y70F8YSHJN	round3_batch9_worker3
236	0	1	0	1	0	0	1	0	1	1	0	0	1	0	A4J4GGMKJ68L0	round3_batch9_worker4
237	0	0	1	0	0	1	0	1	1	0	0	0	1	0	A1TP0SGMUSJ34B	round3_batch9_worker5
238	0	1	0	1	1	0	0	1	1	0	1	1	0	1	A3D9DWZK2IS3RE	round3_batch9_worker6
239	1	1	0	1	0	1	0	1	1	0	1	0	1	1	A2B8HPIZDKYKDR	round3_batch9_worker7
240	0	1	0	1	1	0	0	1	1	0	1	1	1	1	A1PR74OHURJNTO	round4_batch0_worker0
241	1	1	0	1	0	1	0	1	1	0	1	1	1	1	A279YSE7NB16M0	round4_batch0_worker1
242	1	1	0	1	1	0	0	1	1	0	1	1	1	0	A1KX1CMLUCQNFX	round4_batch0_worker2
243	0	1	0	0	0	1	0	1	0	0	0	0	1	0	A1LWWVCY9FPIAW	round4_batch0_worker3
244	0	1	0	1	1	0	0	1	1	0	1	0	0	1	AYKZ9H4BNW810	round4_batch0_worker4
245	1	0	1	1	1	0	0	1	1	0	1	1	0	1	A1JJYY622DGE5L	round4_batch0_worker5
246	1	1	0	0	1	0	0	1	0	0	1	0	1	0	A3L8LSM7V7KX3T	round4_batch0_worker6
247	1	1	0	0	1	0	0	1	1	0	1	0	1	0	A48WNR6C4CI3J	round4_batch0_worker7
248	0	0	1	0	1	0	0	1	1	0	1	0	0	1	A397QMUM40C4SH	round4_batch1_worker0
249	0	0	1	1	0	0	1	1	1	1	1	1	1	0	A38KMNO228K3JN	round4_batch1_worker1
250	0	1	0	0	0	1	0	1	0	0	1	1	0	0	A21P1T8EW4NHOU	round4_batch1_worker2
251	1	0	1	0	0	1	0	1	0	0	1	0	0	0	A3AGU4FBSDDVYS	round4_batch1_worker3
252	0	1	0	0	1	0	0	1	1	0	1	1	0	0	A3HE8VNBXD2BR0	round4_batch1_worker4
253	1	0	1	1	1	0	0	1	1	0	1	1	0	0	A2YTO4EY3MNYAJ	round4_batch1_worker5
254	1	1	0	0	1	0	0	1	1	0	1	1	1	1	AFDC9A6Z60W2Z	round4_batch1_worker6
255	0	1	0	1	1	0	0	1	1	0	1	1	1	0	A2DVV59R1CQU6T	round4_batch1_worker7
256	1	0	1	1	0	1	0	1	1	0	0	0	1	0	A381DSGY6RMEWZ	round4_batch2_worker0
257	1	0	1	1	1	0	0	1	1	0	1	1	1	0	A1T8EFHGSEE3RD	round4_batch2_worker1
258	1	1	0	1	0	0	1	0	0	1	0	0	1	0	A207IHY6GERCFO	round4_batch2_worker2
259	1	1	0	1	1	0	0	1	0	0	1	0	1	0	A1SISJL5ST2PWH	round4_batch2_worker3
260	1	1	0	0	1	0	0	1	1	0	1	1	1	1	A3LNM77PCQOTHJ	round4_batch2_worker4
261	1	1	0	0	0	1	0	1	0	0	0	0	1	0	A1EDMN0J522ATZ	round4_batch2_worker5
262	0	1	0	1	0	1	0	1	1	0	1	0	0	0	A3FLM7IX6UGVPX	round4_batch2_worker6
263	0	1	0	1	1	0	0	1	0	0	1	0	1	0	A2MUCL20GTQJA0	round4_batch2_worker7
264	1	1	0	1	1	0	0	1	1	0	0	1	1	0	A183WYXN12P2TJ	round4_batch3_worker0
265	1	0	1	0	1	0	0	1	1	0	1	1	0	0	A2LF84L3K71GR2	round4_batch3_worker1
266	1	0	1	1	1	0	0	1	1	0	1	1	0	1	AH09APLOU5WTZ	round4_batch3_worker2
267	0	1	0	1	0	0	1	1	1	0	1	1	1	1	A9U74XWCLQFBE	round4_batch3_worker3
268	0	0	1	1	0	0	1	0	0	0	0	0	1	0	A1KFNSMZBQRK1H	round4_batch3_worker4
269	0	1	0	1	1	0	0	1	1	0	0	1	1	1	A2ZHBK2MDL2L51	round4_batch3_worker5
270	1	1	0	0	0	1	0	1	0	1	1	0	0	1	A18SXC3JEN1O0U	round4_batch3_worker6
271	1	0	1	1	1	0	0	1	1	0	1	1	1	0	A2OFWHV8IP7HK	round4_batch3_worker7
272	1	1	0	1	0	1	0	1	1	0	1	0	0	0	A1Z1O6MMOB3UWW	round4_batch4_worker0
273	0	1	0	1	1	0	0	1	0	0	1	0	1	1	A2NF3MYDS3WUOI	round4_batch4_worker1
274	0	0	1	1	0	0	1	1	1	0	1	0	1	0	A1IAMNSZB9U4Z1	round4_batch4_worker2
275	0	0	1	0	0	1	0	1	0	0	1	0	0	0	A2GVTP4DBFQTR8	round4_batch4_worker3
276	1	0	1	1	1	0	0	1	0	0	1	1	1	0	ASP32QB28TEZU	round4_batch4_worker4
277	1	1	0	0	0	1	0	1	0	0	1	1	1	0	ACJ6NSCIWMUZI	round4_batch4_worker5
278	0	0	1	1	1	0	0	1	1	0	1	0	1	0	A3D2U4QF7821ZW	round4_batch4_worker6
279	0	1	0	1	0	0	1	1	0	1	0	0	1	0	A3IS28VQS5T5DE	round4_batch4_worker7
280	0	1	0	0	0	1	0	1	1	0	1	1	1	0	A16OH8XXYY0AAS	round4_batch5_worker0
281	1	1	0	1	1	0	0	1	1	0	1	1	1	0	A2YCMT5BPA0AG9	round4_batch5_worker1
282	1	0	1	1	0	1	0	1	1	0	1	1	1	0	A1T3ROSW2LC4FG	round4_batch5_worker2
283	1	0	1	1	1	0	0	1	1	0	1	1	1	1	A2MWAXV1YRK5GH	round4_batch5_worker3
284	0	0	1	0	1	0	0	1	1	0	1	1	1	0	A29SMGPDP7K9NU	round4_batch5_worker4
285	0	0	1	0	0	1	0	1	1	0	1	1	0	0	A3FYWUZK52IC2J	round4_batch5_worker5
286	1	1	0	1	1	0	0	1	1	0	1	0	0	1	A4W9APAHFWVLO	round4_batch5_worker6
287	1	1	0	1	1	0	0	1	1	0	1	1	1	0	A1U5BE8XJRXKW3	round4_batch5_worker7
288	0	0	1	0	0	0	1	1	0	0	1	0	0	0	A2WUMRRE9070N8	round4_batch6_worker0
289	1	0	1	1	0	1	0	1	1	0	1	1	0	0	A36IYIE23IO4HE	round4_batch6_worker1
290	1	1	0	1	0	1	0	1	0	1	0	0	1	0	A398CG5XGBNGGE	round4_batch6_worker2
291	0	1	0	1	0	0	1	1	1	0	1	1	1	1	A3AIRKDB2DMC7U	round4_batch6_worker3
292	1	1	0	1	0	1	0	1	1	0	1	1	1	0	A1ZI4VU6650Q8B	round4_batch6_worker4
293	1	0	1	0	0	1	0	1	1	0	1	1	0	1	A1JV64BL3WCK0G	round4_batch6_worker5
294	0	0	1	1	0	1	0	1	1	0	1	1	1	1	A5EU1AQJNC7F2	round4_batch6_worker6
295	1	1	0	1	0	1	0	1	1	0	1	1	1	0	A28AXX4NCWPH1F	round4_batch6_worker7
296	1	0	1	1	1	0	0	1	1	0	1	1	1	1	A3HHDPKL3O3O7Y	round4_batch7_worker0
297	0	1	0	1	0	1	0	1	1	0	1	1	1	1	AX3N0BBAJ39GG	round4_batch7_worker1
298	0	1	0	1	0	0	1	1	1	0	1	1	0	1	A2Y9V0AKHT6K6G	round4_batch7_worker2
299	1	0	1	1	1	0	0	1	1	0	1	1	1	0	A23BMD8M0RLV77	round4_batch7_worker3
300	1	1	0	1	0	0	1	1	0	0	0	0	1	1	AU2NVT51E749C	round4_batch7_worker4
301	1	1	0	0	0	0	1	1	0	1	0	0	1	0	A2R8IV2PWFTY00	round4_batch7_worker5
302	1	1	0	1	1	0	0	1	1	0	1	1	1	0	A3JZS32RQUWGJM	round4_batch7_worker6
303	0	1	0	1	0	0	1	1	1	0	1	1	1	1	A3SYUC3AAVVLC6	round4_batch7_worker7
304	0	1	0	0	0	0	1	0	0	1	0	0	1	0	A9LSEP71DNP4O	round4_batch8_worker0
305	0	1	0	1	0	1	0	1	1	0	1	1	1	0	ALCOP0S6PFR2O	round4_batch8_worker1
306	1	1	0	1	0	0	1	1	1	0	1	0	1	0	A2MQGU4NZZ8V0H	round4_batch8_worker2
307	1	0	1	1	1	0	0	1	1	0	1	1	1	1	A1IHFT9QVJ5H94	round4_batch8_worker3
308	0	1	0	1	0	0	1	1	0	0	1	1	0	1	A194WFDN5KXOXW	round4_batch8_worker4
309	0	0	1	0	1	0	0	1	1	0	1	1	1	0	A3MLUEOP3CCLXL	round4_batch8_worker5
310	1	1	0	1	0	1	0	1	1	0	1	1	1	0	A2FGKKWP33DFWS	round4_batch8_worker6
311	1	0	1	0	0	0	1	0	1	0	0	1	1	0	A1772EN2TVUUX8	round4_batch8_worker7
312	0	1	0	1	0	0	1	0	1	0	1	1	1	1	ACHO7QNPBC6LX	round4_batch9_worker0
313	0	1	0	1	1	0	0	1	1	0	1	1	1	0	A36MEZ1Y8KLTGY	round4_batch9_worker1
314	0	1	0	1	0	0	1	1	1	0	1	1	1	1	A1URCANKSOR247	round4_batch9_worker2
315	1	1	0	1	0	0	1	1	1	1	1	1	1	0	A65FDBSWHLIVX	round4_batch9_worker3
316	1	1	0	1	1	0	0	1	1	0	1	1	1	1	A3CTXNQ2GXIQSP	round4_batch9_worker4
317	0	1	0	1	1	0	0	1	1	0	1	1	1	1	A34RZW1GGCZ2L6	round4_batch9_worker5
318	0	0	1	1	0	1	0	1	0	0	1	1	1	1	A2RGIULFG1GWF5	round4_batch9_worker6
319	1	1	0	1	1	0	0	1	1	0	1	1	1	1	A3NS1DN6J7Z3EU	round4_batch9_worker7
320	0	1	0	1	1	0	0	1	1	0	1	1	1	0	A3FJCLBK3HF4PD	round5_batch0_worker0
321	1	1	0	1	1	0	0	1	1	0	1	1	1	0	A270HX8LH9LJ8W	round5_batch0_worker1
322	1	1	0	0	1	0	0	1	1	0	1	1	1	1	A23OR0D1FCUVMM	round5_batch0_worker2
323	1	1	0	1	1	0	0	1	1	0	1	1	1	0	A1KGAZXCNQ19PG	round5_batch0_worker3
324	0	0	1	0	0	1	0	1	1	0	1	1	0	1	A10LQ8RUWDUI5U	round5_batch0_worker4
325	1	0	1	1	0	1	0	1	1	0	1	1	1	1	A2581F7TDPAMBQ	round5_batch0_worker5
326	0	1	0	0	0	0	1	1	0	0	1	1	1	0	AKR9067Q09RZS	round5_batch0_worker6
327	0	1	0	1	1	0	0	1	0	0	1	1	1	1	A1ATL3G98SFW4V	round5_batch0_worker7
328	1	0	1	0	1	0	0	1	0	0	1	1	1	0	A1O5IL3N3G3WIL	round5_batch1_worker0
329	0	0	1	1	1	0	0	1	1	0	1	1	1	0	APGX2WZ59OWDN	round5_batch1_worker1
330	0	1	0	0	0	1	0	1	1	0	1	0	1	0	AAIQLE701DI9U	round5_batch1_worker2
331	1	0	1	0	0	0	1	1	0	0	1	0	1	0	A27SMEOPKV84VI	round5_batch1_worker3
332	0	0	1	0	0	0	1	1	0	1	1	0	0	0	A29VPSFOR6OO5H	round5_batch1_worker4
333	1	1	0	1	0	1	0	1	0	0	1	1	1	1	AS4FVWL91C6HR	round5_batch1_worker5
334	0	1	0	1	1	0	0	1	0	0	0	0	0	1	A2NAKIXS3DVGAA	round5_batch1_worker6
335	0	1	0	1	0	0	1	1	1	1	1	1	1	1	A1N0RSPRK548N2	round5_batch1_worker7
336	0	0	1	0	0	1	0	1	1	0	1	1	1	0	A2OF19CJKBCSGW	round5_batch2_worker0
337	0	1	0	1	0	0	1	1	1	0	1	0	1	1	A17PXLJ6RVDJAI	round5_batch2_worker1
338	1	0	1	1	1	0	0	1	1	0	1	1	1	0	A32AM1ZLLNQF81	round5_batch2_worker2
339	0	0	1	1	0	1	0	1	0	0	1	1	1	1	AZLRPIAD0ZHAA	round5_batch2_worker3
340	0	0	1	1	0	0	1	1	1	0	1	1	1	0	A3EQO5ZIDBTSVK	round5_batch2_worker4
341	1	1	0	0	1	0	0	1	0	0	1	0	1	0	A3DUZ6WCFZRLX9	round5_batch2_worker5
342	1	0	1	1	1	0	0	1	1	0	1	1	1	0	AIHHRINW9IN1I	round5_batch2_worker6
343	1	1	0	0	0	1	0	1	0	1	1	0	0	0	A2RY4MK1FONYH1	round5_batch2_worker7
344	0	1	0	1	0	0	1	1	0	0	0	1	1	1	A15KMHNB9VMHXK	round5_batch3_worker0
345	1	1	0	1	0	1	0	1	1	0	1	1	1	0	A2QBFXY9UQMJTT	round5_batch3_worker1
346	1	1	0	0	0	0	0	1	1	0	1	1	1	0	A1OB3NPURPFKVZ	round5_batch3_worker2
347	0	0	1	1	0	1	0	1	1	0	1	1	1	0	AHVM9ORYY3F5J	round5_batch3_worker3
348	0	1	0	1	1	0	0	1	0	0	1	0	1	0	A2S4YDJ9UGAXFQ	round5_batch3_worker4
349	0	0	1	1	0	0	1	1	1	0	1	1	1	0	A3UF6XXFFRR237	round5_batch3_worker5
350	0	1	0	1	1	0	0	1	1	0	1	1	0	0	A3ENS1XT17ODR6	round5_batch3_worker6
351	0	1	0	0	0	1	0	1	1	0	1	1	1	0	A27EV0216FCLJW	round5_batch3_worker7
352	0	1	0	1	0	0	1	1	1	0	0	1	1	1	A2JH4QBXGHJ47M	round5_batch4_worker0
353	1	0	1	1	1	0	0	1	1	0	1	1	1	0	A2NGMLBFZ3YQP5	round5_batch4_worker1
354	1	1	0	1	1	0	0	1	0	0	1	0	0	0	A1BFA82J9Q1CLA	round5_batch4_worker2
355	1	0	1	1	1	0	0	1	1	0	1	0	0	0	A2BA9Y6VGW6WS1	round5_batch4_worker3
356	0	1	0	1	0	1	0	1	1	0	1	1	1	0	A1CW0W7Q2NLDDJ	round5_batch4_worker4
357	1	0	1	1	1	0	0	1	0	1	1	1	1	1	A2RNCA7PK35LHT	round5_batch4_worker5
358	1	0	1	1	1	0	0	1	0	0	1	1	1	0	A3J55BJGV95JKH	round5_batch4_worker6
359	0	0	1	1	1	0	0	1	1	0	0	1	0	0	A2VAOQ8P5M2Y8D	round5_batch4_worker7
360	1	0	1	1	1	0	0	1	1	0	1	1	1	1	A2XQ3CFB5HT2ZQ	round5_batch5_worker0
361	1	1	0	1	0	0	1	0	0	1	0	0	1	0	A3QLGMZOLGMBQ1	round5_batch5_worker1
362	0	1	0	1	0	0	1	1	1	1	1	0	1	1	AEL4BLWFEBZZS	round5_batch5_worker2
363	1	0	1	1	0	0	1	0	0	1	1	0	0	0	A3LVLZS8S41ZD7	round5_batch5_worker3
364	1	1	0	0	1	0	0	1	0	0	1	0	0	0	A16335MOISDG1F	round5_batch5_worker4
365	0	0	1	0	0	0	1	1	0	0	1	1	1	0	A1YCGICA8XCNBH	round5_batch5_worker5
366	1	1	0	1	1	0	0	1	1	0	1	1	0	0	A1IFF4KV23FGHJ	round5_batch5_worker6
367	0	1	0	1	0	0	1	1	1	1	1	1	1	1	A1LJMGAUGAL3YY	round5_batch5_worker7
368	1	1	0	0	0	0	0	1	1	0	1	0	0	0	A147F5PJTHOB8A	round5_batch6_worker0
369	0	1	0	1	1	0	0	1	1	0	1	1	0	1	A51U5BEIC5XVR	round5_batch6_worker1
370	0	1	0	0	1	0	0	1	1	0	1	0	0	0	ATUY1BTU5BQDE	round5_batch6_worker2
371	0	1	0	1	0	0	0	0	1	1	1	0	1	0	A220ZCMBT1YMMU	round5_batch6_worker3
372	1	0	1	1	0	1	0	1	1	0	1	1	1	0	A222R4PNCF08OF	round5_batch6_worker4
373	1	1	0	0	0	0	1	1	0	0	1	0	0	0	A22BBAU24IEHPL	round5_batch6_worker5
374	1	1	0	1	0	1	0	1	0	0	0	0	1	0	A1N7O7E8HC03D8	round5_batch6_worker6
375	0	1	0	1	1	0	0	1	1	0	1	0	1	0	A3B1P3B6X3AM2B	round5_batch6_worker7
376	0	0	1	0	1	0	0	1	1	0	1	1	0	1	A2ZYUU30WYDYI0	round5_batch7_worker0
377	0	1	0	1	0	0	1	1	1	1	1	1	1	1	A6JXS5TYXST42	round5_batch7_worker1
378	0	1	0	0	0	0	0	1	1	0	1	1	0	0	A2ZJS73XSSMRTD	round5_batch7_worker2
379	0	1	0	1	0	0	1	1	1	0	1	1	1	0	AONRPFWPSEWX6	round5_batch7_worker3
380	1	1	0	1	1	0	0	1	1	0	1	1	1	0	A36ZRUGMKQA5KO	round5_batch7_worker4
381	0	1	0	0	1	0	0	1	1	0	1	1	1	1	A83OLM1ZQC083	round5_batch7_worker5
382	1	0	1	1	0	1	0	1	1	0	1	1	1	0	A2JP8W265WCC35	round5_batch7_worker6
383	0	1	0	1	0	1	0	1	0	0	1	0	0	0	A2XW91EHCZ3T3V	round5_batch7_worker7
384	0	1	0	1	1	0	0	1	1	0	1	1	0	0	A2J18K5IUQ2K4G	round5_batch8_worker0
385	0	0	1	1	1	0	0	1	1	0	1	1	1	1	A11M5KWP2835VO	round5_batch8_worker1
386	1	1	0	0	0	1	0	1	0	0	1	1	1	0	A2YGOORS5N9RW8	round5_batch8_worker2
387	0	0	1	0	0	1	0	0	0	0	1	0	1	0	A14M2EERU7E8KD	round5_batch8_worker3
388	0	1	0	0	1	0	0	1	1	0	1	0	1	0	A2JCHN90PRUWDH	round5_batch8_worker4
389	0	0	1	1	1	0	0	1	1	0	1	0	1	1	AKSJ3C5O3V9RB	round5_batch8_worker5
390	1	1	0	0	0	1	0	1	1	0	1	1	0	0	A3LPHYONE222OY	round5_batch8_worker6
391	0	0	1	1	0	0	1	1	1	0	1	1	0	0	A2DNLHS1RSTF5R	round5_batch8_worker7
392	1	1	0	1	1	0	0	1	1	0	1	0	1	0	A2RCYLKY072XXO	round5_batch9_worker0
393	1	1	0	1	1	0	0	0	1	1	1	1	1	1	A1UZU88V9BMFT7	round5_batch9_worker1
394	1	1	0	1	1	0	0	1	1	0	1	1	0	1	A1UBV2NP7OVDVV	round5_batch9_worker2
395	1	1	0	1	0	0	1	1	0	0	1	0	1	0	AWE9A4ZOP9LNU	round5_batch9_worker3
396	1	0	1	1	1	0	0	1	1	0	1	1	1	1	A2V1T6RKD06I2X	round5_batch9_worker4
397	1	1	0	1	0	0	1	1	1	0	1	1	1	1	AT6OT5K5Z4V0J	round5_batch9_worker5
398	0	0	1	0	1	0	0	1	1	0	1	1	1	1	A2SWQM5X54P1O5	round5_batch9_worker6
399	1	0	1	1	0	1	0	1	1	0	1	0	0	0	A3BUWQ5C39GRQC	round5_batch9_worker7
